weightlbs,heightin,waist_circumference,thigh_circumference,age,component
142,61,85,62.2,26,Regular Army
120,64,70.8,52.4,21,Regular Army
147,68,72.7,57.7,23,Regular Army
175,66,92.3,67.9,22,Regular Army
195,63,116.3,76.6,45,Regular Army
180,67,96.8,67.4,44,Regular Army
165,65,96.4,65,21,Regular Army
168,66,91.4,67.5,23,Regular Army
118,59,75.5,59.2,24,Regular Army
150,63,94.4,60.4,37,Regular Army
212,69,93.5,74,33,Regular Army
150,66,94.2,60,36,Regular Army
169,65,99.5,62.3,40,Regular Army
158,66,84.8,60.6,24,Regular Army
160,64,92.9,63.9,30,Regular Army
145,66,83.5,61.9,36,Regular Army
137,65,77.2,56.4,19,Regular Army
130,67,80.5,56.9,19,Regular Army
160,66,86.8,64.7,33,Regular Army
130,64,79.2,61.5,34,Regular Army
172,60,113.7,69.5,31,Regular Army
165,66,88.1,67.7,29,Regular Army
110,64,70.2,49.2,31,Regular Army
150,66,95.4,61.4,33,Regular Army
150,65,79.6,60.3,19,Regular Army
159,63,100,63,23,Regular Army
107,56,74.2,52.9,23,Regular Army
154,64,91.2,64.3,21,Regular Army
160,67,91.3,63.9,24,Regular Army
137,64,82.1,56.5,30,Regular Army
145,63,93,61.1,30,Regular Army
155,66,90.1,62.5,28,Regular Army
155,69,93.5,60.1,22,Regular Army
185,66,107.7,70.2,40,Regular Army
200,66,111.2,73.5,42,Regular Army
134,65,81.2,62.1,26,Regular Army
127,67,86.9,54.6,40,Regular Army
120,61,71.2,54.1,29,Regular Army
166,64,105.7,61.6,37,Regular Army
175,63,96.4,72.7,26,Regular Army
180,65,113.4,72,31,Regular Army
155,67,86.9,58,28,Regular Army
164,65,94.2,63.7,25,Regular Army
163,64,101.9,61.4,26,Regular Army
175,63,86.5,68.6,35,Regular Army
170,66,97.5,64.5,22,Regular Army
155,65,81.4,65.2,40,Regular Army
153,64,94.7,64.6,43,Regular Army
145,68,79.4,59.8,20,Regular Army
103,63,67.9,49.3,26,Regular Army
150,67,89,63.7,24,Regular Army
270,80,133.4,87,27,Regular Army
196,68,107.6,67.4,41,Regular Army
165,64,100.7,61.4,30,Regular Army
150,62,89.7,62.3,25,Regular Army
133,61,83.2,59.8,24,Regular Army
128,65,76.6,58.3,21,Regular Army
153,63,87.8,64.5,24,Regular Army
160,65,94.3,64.9,29,Regular Army
130,64,82.5,59.3,23,Regular Army
156,70,81.2,62.6,35,Regular Army
185,66,106.2,71.7,28,Regular Army
135,65,91.4,61,26,Regular Army
182,64,98.7,64.9,27,Regular Army
145,66,86.8,61.5,25,Regular Army
155,66,83.9,62,27,Regular Army
145,63,81.4,61.4,22,Regular Army
126,63,80.4,57.3,24,Regular Army
180,66,92.5,69.3,26,Regular Army
130,64,80.5,60.8,27,Regular Army
140,61,81.1,63.9,20,Regular Army
123,62,75.7,57.3,36,Regular Army
132,64,83.9,59.5,44,Regular Army
145,67,82.1,62.6,34,Regular Army
150,61,100.1,63.5,26,Regular Army
160,69,86,63.2,22,Regular Army
150,62,92.2,61.3,29,Regular Army
150,66,101.2,67.7,44,Regular Army
160,63,98.1,63.2,38,Regular Army
150,66,87,61.3,22,Regular Army
187,68,93.1,68.6,25,Regular Army
184,73,89.5,69.4,18,Regular Army
170,65,92.5,72.4,34,Regular Army
136,67,75.1,58.4,20,Regular Army
174,67,101.9,66.7,33,Regular Army
136,61,78.4,64.6,36,Regular Army
148,63,91.7,61.6,29,Regular Army
153,65,86.5,64.7,23,Regular Army
148,66,84.7,59.7,35,Regular Army
135,61,78.5,64.4,19,Regular Army
170,63,100.4,68.2,30,Regular Army
129,65,75.9,54.3,42,Regular Army
156,65,95.5,64.9,38,Regular Army
125,66,69.4,59.2,24,Regular Army
185,69,106.8,79.1,35,Regular Army
122,60,94.8,59.3,32,Regular Army
137,60,91.2,62.4,41,Regular Army
160,65,98.9,61.2,40,Regular Army
146,64,88.7,64.8,42,Regular Army
110,62,69.8,50.8,33,Regular Army
140,65,82.2,61.9,30,Regular Army
147,66,88.5,63.9,36,Regular Army
127,64,76.4,54.1,20,Regular Army
141,63,94.3,53,46,Regular Army
136,68,80.9,54.2,20,Regular Army
104,59,73.9,49.7,20,Regular Army
128,60,82.6,54.6,40,Regular Army
165,63,96.2,63.2,31,Regular Army
149,65,84.9,64.5,32,Regular Army
156,63,95.1,61.4,32,Regular Army
170,69,88.9,66.7,24,Regular Army
117,62,79,56,24,Regular Army
135,64,81.1,59.6,32,Regular Army
140,64,83.1,58.2,32,Regular Army
172,66,95.8,62.1,27,Regular Army
131,64,76.1,57,27,Regular Army
162,62,107,67.5,41,Regular Army
145,63,92.3,60.5,38,Regular Army
149,65,94.9,60.5,26,Regular Army
132,64,85.8,58.9,25,Regular Army
158,70,85.9,60,20,Regular Army
118,60,72.1,53.1,26,Regular Army
165,69,90.8,65.6,42,Regular Army
132,65,88,58.6,20,Regular Army
110,59,75.9,54.2,34,Regular Army
140,62,91.9,61.8,31,Regular Army
147,65,90.8,60.7,20,Regular Army
137,66,73.1,57.2,21,Regular Army
130,60,82,59.7,19,Regular Army
135,64,82.1,60.1,27,Regular Army
135,63,74,63.4,24,Regular Army
171,66,102.4,66.4,42,Regular Army
163,61,93.2,66.5,43,Regular Army
137,65,82.7,58.3,31,Regular Army
147,60,89.6,63.4,37,Regular Army
115,63,73.8,54.9,27,Regular Army
140,64,83.2,61.2,24,Regular Army
153,65,85.1,65.7,24,Regular Army
158,68,85.9,65.8,36,Regular Army
145,66,90.6,57.8,22,Regular Army
180,65,102.8,70.2,24,Regular Army
138,64,78.6,59.7,26,Regular Army
133,62,85.3,59.4,32,Regular Army
125,63,74.5,57,45,Regular Army
111,66,73.7,52.7,29,Regular Army
136,63,80.2,59.4,21,Regular Army
180,67,104.5,69,21,Regular Army
120,64,76.3,52.5,40,Regular Army
141,62,95.5,63.5,34,Regular Army
119,62,71.9,57,21,Regular Army
126,65,74.6,54.6,24,Regular Army
140,63,87.4,64.2,30,Regular Army
140,64,77.2,63.4,21,Regular Army
132,62,80.2,56.9,21,Regular Army
125,62,71.9,56.5,41,Regular Army
130,64,86.2,53.2,27,Regular Army
179,66,104.4,66.1,39,Regular Army
140,67,81.7,59.6,32,Regular Army
140,69,81.7,57.8,24,Regular Army
120,64,81.6,57.6,24,Regular Army
175,67,93.9,69.7,35,Regular Army
148,62,86.3,64.1,24,Regular Army
147,64,91.5,64.7,35,Regular Army
125,65,76.4,56.2,23,Regular Army
162,65,89.9,68.4,41,Regular Army
116,66,78.2,53.9,39,Regular Army
169,66,89.7,66.9,39,Regular Army
130,62,81.7,60.8,46,Regular Army
159,64,90,66.9,42,Regular Army
140,64,83,62.7,50,Army National Guard
172,66,94.7,64.5,44,Army National Guard
161,64,95.8,63.8,45,Regular Army
126,62,76.7,56.1,47,Regular Army
145,65,77.7,60.2,42,Regular Army
157,65,89.6,67.8,45,Regular Army
149,64,96.8,59.7,39,Regular Army
210,69,99.7,68.8,44,Regular Army
157,65,87.9,66.3,44,Regular Army
155,60,100,68.2,25,Regular Army
144,63,93.1,62.3,37,Regular Army
115,60,74.8,52.7,46,Army National Guard
122,63,73.4,58.2,48,Regular Army
180,70,102.1,72.5,38,Regular Army
159,68,87.4,60.2,44,Army Reserve
145,65,80.3,62,45,Army Reserve
140,60,93.5,59.2,48,Army Reserve
145,66,81,60.6,41,Regular Army
145,65,88.2,60.7,52,Regular Army
169,67,92,69.9,45,Regular Army
157,64,108.5,67.5,44,Regular Army
135,62,92.3,59.9,33,Army Reserve
128,64,84,57.7,48,Army Reserve
120,64,78.3,55,19,Regular Army
151,64,92.4,64.2,27,Army Reserve
150,64,97.2,64.8,39,Army Reserve
127,61,77.4,56.6,27,Army Reserve
121,65,70.8,57,49,Army Reserve
158,67,87.9,68.5,30,Army National Guard
141,67,83,63.8,23,Army Reserve
185,67,98,71.1,23,Army Reserve
145,66,88.3,63.8,23,Army Reserve
124,64,75.4,55.2,27,Army Reserve
125,64,76.7,54,41,Army Reserve
138,64,86.8,53.8,22,Army Reserve
137,59,93.8,62.1,26,Army Reserve
105,62,68.2,49.9,21,Army Reserve
137,63,76.2,57.2,21,Army Reserve
141,67,80.2,59.8,32,Army Reserve
180,64,106,69.7,27,Army Reserve
156,68,92.2,62.5,23,Army Reserve
120,62,78.3,62,24,Army Reserve
105,60,70.7,52.1,28,Army Reserve
145,64,79.5,62.8,35,Army Reserve
160,66,86.2,67.9,23,Army Reserve
130,64,92.9,60.7,37,Army Reserve
175,68,85.8,66.1,27,Army Reserve
167,68,78.4,66.4,20,Army Reserve
103,66,63.2,47.8,33,Army Reserve
119,63,80.9,54.1,35,Army Reserve
168,69,91.2,64.9,37,Army Reserve
147,62,94.1,66.3,43,Army Reserve
149,64,85.4,68.2,31,Army Reserve
150,62,88.5,62.6,28,Army Reserve
128,66,78.3,56.7,27,Army Reserve
165,65,92.7,62.6,48,Army Reserve
148,65,78.5,62.6,28,Army Reserve
171,72,85.8,62.4,21,Army Reserve
174,66,95.8,62.5,22,Army Reserve
133,66,70.7,58.5,22,Army Reserve
164,61,100.4,63,21,Army Reserve
160,66,90.5,63.5,37,Army National Guard
143,64,98.9,61.5,44,Army Reserve
148,68,90.6,66.4,26,Army National Guard
160,65,85.4,65.3,30,Army National Guard
124,67,73.8,54.4,34,Army National Guard
130,62,78.4,57.3,21,Army National Guard
145,64,87.1,61.5,28,Army National Guard
124,60,81.1,59.5,31,Army National Guard
120,66,72.8,57,27,Army National Guard
105,61,76.3,49.1,51,Army National Guard
120,65,79.3,55.6,22,Army National Guard
163,67,100.1,70.1,26,Army National Guard
140,59,92.2,64.5,24,Army National Guard
135,61,82.9,59.5,41,Army National Guard
137,62,85,63.3,22,Army National Guard
125,63,73.1,54.5,23,Army National Guard
170,62,99.6,61.8,21,Army National Guard
145,63,87.1,67.1,25,Army National Guard
153,62,103.6,61.2,24,Army National Guard
141,62,83.5,64.8,20,Army National Guard
116,61,66.5,53,25,Army National Guard
118,63,67.1,52.5,23,Army National Guard
131,61,76.9,57.9,23,Army National Guard
145,63,85,61.5,29,Army National Guard
159,64,93.6,65.9,23,Regular Army
140,67,75.8,59.5,45,Regular Army
142,63,88.8,62.5,23,Regular Army
147,64,94.1,60.6,24,Regular Army
167,66,81.2,71.5,22,Regular Army
120,65,70.4,54.4,23,Army National Guard
154,63,102.7,63.8,27,Army National Guard
138,63,88.5,59.9,37,Army Reserve
145,64,87.2,61.6,31,Army National Guard
156,63,104.1,61.9,44,Army National Guard
150,63,85.9,64.4,28,Army National Guard
183,68,102.2,65.6,39,Army National Guard
143,64,79,61.4,28,Army National Guard
125,65,71.1,52.5,22,Army National Guard
162,63,94.1,66.5,44,Army National Guard
161,64,107.6,62.5,45,Army National Guard
125,69,79.7,56.2,26,Army National Guard
160,80,90.4,63.9,24,Army National Guard
198,71,97.9,72.4,50,Army National Guard
160,67,88.8,66.3,27,Army National Guard
135,65,76.9,57.4,49,Army National Guard
125,63,80.7,56.5,21,Army National Guard
130,63,83.9,58.5,24,Army National Guard
143,64,97.5,59.3,48,Army National Guard
180,64,112.7,66,40,Army National Guard
166,68,93,67.5,37,Army National Guard
150,65,90.7,61.3,37,Army National Guard
127,60,91.9,60.3,48,Army National Guard
130,66,83.9,61.2,23,Army National Guard
120,64,69.7,54.6,23,Army National Guard
180,66,108.8,67.4,32,Army National Guard
129,65,80.5,57.5,29,Army National Guard
140,67,84.4,61.2,37,Army National Guard
153,66,91.5,58.6,44,Army National Guard
143,65,86.2,64.1,44,Army National Guard
135,65,83.5,60.5,31,Army National Guard
165,64,100,63.9,26,Army Reserve
125,60,78.9,61.4,24,Army Reserve
120,64,77.7,59,24,Army Reserve
130,66,79.6,55.1,20,Army Reserve
198,64,101.7,70.1,31,Army Reserve
150,59,107.4,73.2,22,Army National Guard
135,64,68.8,60.5,21,Army National Guard
110,63,71.3,51.5,24,Army National Guard
178,67,103.5,64.6,25,Army National Guard
127,62,82.7,56,39,Army National Guard
160,64,95,64.6,28,Army National Guard
130,66,80.5,56.4,28,Army National Guard
150,63,89.6,59.9,49,Army National Guard
180,63,90.5,72.4,27,Army National Guard
130,64,83.3,57.8,32,Army National Guard
205,69,105.5,71.6,30,Army National Guard
185,62,107.1,69.1,23,Army National Guard
183,62,111.1,66.8,30,Army National Guard
140,64,87.1,61,22,Regular Army
200,69,96.9,71.1,35,Regular Army
185,67,94.2,70,31,Regular Army
188,70,96.4,70,32,Regular Army
127,62,88.7,58.5,40,Regular Army
150,67,83.8,60.5,29,Regular Army
150,66,82.6,65.8,26,Regular Army
165,62,95,66.5,45,Regular Army
153,66,81.9,62.2,21,Regular Army
140,62,92,61.2,30,Regular Army
125,62,74.4,60.8,39,Regular Army
142,64,88,65.3,18,Regular Army
102,63,74,49.8,24,Regular Army
148,62,82.9,68.6,39,Regular Army
180,63,102.9,70.5,37,Regular Army
168,66,97.3,75.1,20,Regular Army
128,64,84.5,57.2,29,Regular Army
120,66,82.8,57,25,Regular Army
160,64,102,70.1,27,Regular Army
86,59,67.5,51.1,19,Regular Army
187,68,100.7,72.8,22,Regular Army
146,68,85.8,60.2,27,Regular Army
138,59,80.4,63.1,21,Regular Army
132,62,81.1,56.5,28,Regular Army
155,69,86.4,62.3,42,Regular Army
164,66,87.1,67.4,22,Regular Army
126,65,82.4,54.3,21,Regular Army
125,64,72.4,55.4,25,Regular Army
140,64,84.9,58.8,29,Regular Army
168,62,91.8,67.4,40,Regular Army
155,66,82.9,60.8,36,Regular Army
123,62,79.9,55.6,44,Regular Army
168,68,101.7,68.2,27,Regular Army
160,62,90,68.3,27,Regular Army
150,63,91.7,67.7,29,Regular Army
200,71,97,77.5,28,Regular Army
145,63,88.4,56.7,26,Regular Army
125,64,79.6,57.9,35,Regular Army
124,62,78.5,56.5,41,Regular Army
143,62,87,57.5,40,Regular Army
145,59,90.5,66.5,52,Regular Army
168,66,95.8,67.2,29,Regular Army
145,64,85.5,60.5,25,Regular Army
150,66,86.9,62.8,33,Regular Army
140,62,87.5,64.7,47,Regular Army
128,64,72.2,60.8,20,Regular Army
162,61,103.4,64.2,23,Regular Army
129,66,75.7,56.4,23,Regular Army
165,63,99.5,63.6,37,Regular Army
158,67,81.2,65.1,22,Regular Army
180,66,95.4,65.4,27,Regular Army
170,69,92.8,64.7,26,Regular Army
183,68,104.9,68.9,22,Regular Army
178,72,95.8,65.6,33,Regular Army
162,66,91.2,66.8,29,Regular Army
135,63,82.2,61.3,24,Regular Army
145,64,93.5,59.9,34,Regular Army
150,65,95.7,63.5,30,Regular Army
110,62,70.7,53,22,Regular Army
142,65,77.1,62.4,26,Regular Army
140,65,80.6,60.8,23,Regular Army
138,64,100.2,58.6,19,Regular Army
180,64,104.4,68.8,36,Regular Army
137,69,81.5,58,23,Regular Army
145,63,75.2,64.2,24,Regular Army
135,63,83.1,56.2,27,Regular Army
156,62,88,64.1,27,Regular Army
150,63,81.7,65.4,30,Regular Army
164,64,93.8,68.2,27,Regular Army
124,64,79.7,58.1,29,Regular Army
152,65,77.3,65.2,21,Regular Army
218,68,110.3,80.8,32,Regular Army
110,66,67.9,52.6,39,Regular Army
176,66,105.5,68.5,29,Regular Army
153,64,85.6,63,46,Regular Army
135,60,86.8,57.7,45,Army Reserve
152,67,81.8,65.5,32,Army Reserve
170,66,84.6,65.3,24,Army National Guard
170,65,103.2,67,29,Army National Guard
180,70,91.1,68.9,26,Army National Guard
105,63,65,51.9,22,Army National Guard
131,62,80.4,59.9,24,Army National Guard
160,71,88,61.1,25,Army National Guard
173,68,97,65.8,32,Army Reserve
145,66,84.1,59.3,26,Army National Guard
155,64,94.9,68,29,Army National Guard
133,66,76.6,57.6,27,Army National Guard
135,65,81.1,63.6,21,Army National Guard
165,66,97.8,64.4,19,Army National Guard
147,70,73.8,61,20,Army National Guard
175,67,100.1,63.9,34,Army National Guard
111,63,70.5,54.6,33,Army National Guard
142,64,90.1,59.4,20,Army National Guard
95,62,62,48.3,19,Army National Guard
157,63,100,68.6,28,Army National Guard
170,67,95.2,61.7,27,Army National Guard
135,63,82.3,61.5,23,Army National Guard
165,68,91.9,65.1,23,Army National Guard
155,65,88.6,65.1,26,Army National Guard
128,62,79.1,56,21,Army National Guard
134,63,79.4,57.4,24,Army National Guard
145,66,82.2,61.8,19,Army National Guard
182,65,99.6,71.4,27,Army National Guard
128,67,79.8,57.8,21,Army National Guard
136,66,79.5,62,24,Army National Guard
160,67,94,64.3,30,Army National Guard
134,63,71.6,61.4,26,Army National Guard
192,66,116.4,78.2,30,Army National Guard
165,62,87,71.3,39,Army National Guard
150,65,88.6,60.2,33,Army National Guard
165,66,83.1,64.3,29,Army National Guard
108,59,74.9,55.2,25,Army National Guard
128,64,81.1,57.6,34,Army National Guard
153,66,85,64,30,Army National Guard
133,64,77.9,63,33,Army National Guard
175,68,100.9,64,26,Army National Guard
165,69,93.9,64,19,Army National Guard
175,70,90.7,68.6,26,Army National Guard
150,68,85.1,65.2,23,Army National Guard
150,66,91.7,65.7,21,Army National Guard
124,62,78,57.8,21,Army National Guard
175,64,104.6,66.4,26,Army National Guard
160,66,93.9,63.6,43,Army National Guard
164,66,90.9,67.1,31,Army National Guard
190,71,107.6,64.1,35,Army National Guard
138,63,79.9,63.2,46,Army National Guard
195,69,100.9,67.7,52,Army National Guard
124,61,86.5,58.3,28,Army National Guard
215,65,115.4,72.7,24,Army National Guard
119,61,81.4,54.6,35,Army National Guard
128,62,80.1,57.9,40,Army National Guard
152,62,83,63,22,Army National Guard
155,68,80.7,63,34,Army National Guard
170,65,107.3,64.7,23,Army National Guard
156,64,94.6,65.2,38,Army National Guard
152,69,84.5,62,25,Army National Guard
128,64,74.8,57,32,Army National Guard
180,69,100.3,69.1,33,Army National Guard
138,62,81.4,65.5,30,Army National Guard
120,66,78.2,54,37,Army National Guard
127,64,78,57.4,23,Army National Guard
170,65,101.6,68.4,23,Army National Guard
153,64,84.7,62,25,Army National Guard
130,65,80.3,57,21,Army National Guard
130,64,73.3,56,20,Army National Guard
145,66,86.6,61.3,22,Army National Guard
120,64,74.5,55.5,19,Army National Guard
130,67,70.5,56.5,24,Army National Guard
127,64,78.4,58.3,24,Army National Guard
110,62,71.2,57.2,26,Army National Guard
130,65,74.2,58.3,22,Army National Guard
148,69,80.5,58.5,23,Army National Guard
110,61,73,54.4,19,Army National Guard
125,67,76.1,56.2,29,Army National Guard
160,62,100,67.1,24,Army National Guard
155,65,88.5,63.5,26,Army National Guard
145,69,80,58.2,24,Army National Guard
155,64,94.5,66.7,28,Army National Guard
130,64,81,58,23,Army National Guard
145,69,80.8,58.3,25,Army National Guard
168,69,96.1,66.4,24,Army National Guard
155,69,77.2,61,26,Army National Guard
166,67,92.8,66.5,26,Army National Guard
143,67,88.9,59.8,31,Army National Guard
170,67,105,61.5,26,Army National Guard
150,73,77.7,56.6,24,Army National Guard
142,66,86.6,58.6,22,Army National Guard
150,69,84.2,58.8,23,Army National Guard
138,64,84.2,55.6,45,Army National Guard
96,59,69,49,26,Army National Guard
130,63,75,61.2,28,Army National Guard
200,70,95,71.4,36,Army National Guard
150,62,82.9,61.6,25,Army National Guard
181,71,99.5,66.2,32,Army National Guard
130,66,76.7,58.9,24,Army National Guard
159,63,89.8,64.4,25,Army National Guard
171,69,94,66.5,28,Army National Guard
145,66,78.7,58.3,29,Army National Guard
150,65,81.2,66.2,36,Army National Guard
150,68,82,60.8,44,Army Reserve
128,62,81.3,61.2,33,Regular Army
164,66,84.5,66.2,28,Regular Army
177,63,101.1,71.5,45,Regular Army
122,63,75.8,57.8,37,Regular Army
140,66,81.4,54.4,38,Army National Guard
135,62,77,58,24,Army Reserve
125,65,80.9,56.2,22,Army Reserve
136,75,81.7,62,40,Army Reserve
173,66,93.8,63,38,Regular Army
140,62,84.5,64.3,25,Regular Army
175,67,99.5,65.2,48,Regular Army
142,60,90.7,63.8,40,Regular Army
169,65,98.3,68,32,Regular Army
150,65,80.1,61.7,39,Regular Army
187,69,102.9,67.8,29,Regular Army
165,66,105.2,72.2,30,Regular Army
119,60,84.8,54.2,28,Regular Army
170,67,95.5,63,42,Army National Guard
153,64,80.7,63.6,28,Regular Army
175,63,85.5,69,28,Regular Army
187,69,96.9,67.7,28,Regular Army
140,63,90,64.8,41,Regular Army
137,66,80,58.5,35,Regular Army
130,67,72,60.7,26,Regular Army
181,68,94.2,70,26,Regular Army
173,66,101.5,68.4,27,Regular Army
160,63,101.9,66.4,26,Regular Army
141,62,82.9,65.3,26,Regular Army
162,66,93.7,63.9,41,Regular Army
122,61,88.5,58.1,34,Regular Army
168,66,81.6,67.7,35,Army National Guard
165,70,92.2,64.1,31,Regular Army
175,64,96.5,70.3,27,Regular Army
154,64,93.1,67.7,37,Regular Army
150,68,89.5,61.5,27,Regular Army
160,66,82.9,69.1,37,Army National Guard
165,64,98,73.3,53,Army National Guard
171,69,80,65.5,27,Regular Army
160,66,101.2,67.7,27,Regular Army
145,66,80.1,61.5,27,Regular Army
171,69,91.5,67.6,26,Regular Army
168,68,93.7,66.3,28,Regular Army
142,67,81.1,60.1,29,Regular Army
114,62,69.1,51.5,44,Regular Army
130,64,81.3,56.8,27,Regular Army
130,62,89,63.7,29,Regular Army
111,61,78.2,56.5,31,Regular Army
147,63,92.7,64.3,30,Regular Army
135,65,87.4,62.3,37,Army National Guard
125,66,76.5,56.8,31,Regular Army
145,66,80,61.3,26,Regular Army
150,69,73.4,59.7,35,Regular Army
167,70,77.5,67.7,26,Regular Army
170,63,106.1,80.3,33,Regular Army
170,64,92.6,70.5,35,Regular Army
157,64,86.5,64.5,34,Regular Army
113,60,75.2,54,26,Army National Guard
140,60,87.7,61.9,31,Regular Army
145,62,90,64.8,24,Regular Army
198,67,105.4,67.5,41,Regular Army
147,63,90.3,63.2,35,Regular Army
120,63,72.8,54.9,45,Regular Army
163,69,94.7,64.6,27,Regular Army
128,66,75.4,55.7,26,Regular Army
163,69,92.1,59.4,32,Regular Army
155,64,85.1,66,33,Army Reserve
150,65,85.1,62.7,26,Regular Army
127,66,79,57.7,29,Army National Guard
130,69,76.4,56.5,35,Regular Army
160,63,99.2,63.9,40,Regular Army
146,64,81.6,60.9,34,Regular Army
142,62,96.5,62.1,40,Army National Guard
162,65,97.5,64.8,32,Army National Guard
130,65,73.4,60.7,23,Army National Guard
160,68,82,62.2,30,Army National Guard
155,68,84.8,65.5,30,Army Reserve
160,64,92.5,64,35,Army National Guard
160,67,92.7,60.5,38,Army National Guard
140,65,83.7,62.1,41,Regular Army
135,66,80.2,57.9,25,Army National Guard
125,64,84.6,56.2,22,Regular Army
135,67,77.8,58,25,Army National Guard
140,64,85.3,60.6,39,Regular Army
128,64,73,58,25,Regular Army
160,66,88.6,67.1,33,Regular Army
192,69,92.9,72.5,31,Regular Army
135,64,90,57.5,31,Regular Army
115,63,75.9,50.9,27,Regular Army
120,62,81.6,55.5,25,Regular Army
115,62,77,51.6,38,Regular Army
139,62,89.5,64.2,20,Regular Army
160,69,88,58.2,42,Regular Army
155,62,90.4,66,31,Regular Army
152,66,93.8,60.1,33,Regular Army
146,63,90.6,61.6,26,Regular Army
141,66,75,59.3,20,Regular Army
142,60,84.5,66.9,20,Regular Army
125,63,81.1,55.6,23,Regular Army
160,68,88.8,60.4,25,Regular Army
175,67,77.4,67.1,25,Regular Army
136,64,84.6,60.3,25,Regular Army
137,66,86.1,62.5,23,Regular Army
128,66,72.4,54.1,29,Regular Army
148,59,92.8,64.2,38,Regular Army
197,68,102.6,65.1,32,Regular Army
136,61,91.5,62.6,26,Regular Army
172,66,98.7,65,28,Regular Army
144,62,91.5,65.4,28,Regular Army
183,65,88.8,66.9,31,Regular Army
143,63,86.3,61.9,26,Regular Army
136,62,85.7,61.5,36,Regular Army
198,66,103.7,78,35,Regular Army
160,65,95,66.3,19,Regular Army
135,66,87.7,59.6,24,Regular Army
124,66,66.5,51.4,22,Regular Army
170,65,88.5,71.9,21,Regular Army
125,61,81.2,57.5,20,Regular Army
195,69,109.6,75.7,29,Regular Army
185,63,100.6,68,31,Regular Army
110,62,68.5,52,24,Regular Army
141,66,94.4,60.5,23,Regular Army
152,61,97.3,66.6,21,Regular Army
144,61,97.5,63.1,22,Regular Army
132,61,85.3,58.5,21,Regular Army
162,64,88.5,64.7,21,Regular Army
168,66,81.6,64.2,19,Regular Army
142,63,98.2,64.5,28,Regular Army
163,66,85.6,70.8,26,Regular Army
117,66,71,50.6,39,Regular Army
138,63,89,58.3,24,Regular Army
174,66,99,65.3,38,Regular Army
126,62,79.3,57,45,Regular Army
144,62,96.2,63.4,23,Regular Army
123,63,72.7,59.5,38,Regular Army
140,63,77,58.7,24,Regular Army
153,68,93,59.8,41,Regular Army
125,64,84.9,55.7,30,Regular Army
140,62,88.2,64.7,31,Regular Army
132,66,74.9,57.9,33,Regular Army
160,63,93.5,66.8,34,Regular Army
165,64,90.3,67,31,Regular Army
150,59,89,67.4,33,Regular Army
160,69,90,63.5,28,Regular Army
112,60,75.2,55.3,27,Army National Guard
148,69,80.3,60.3,27,Regular Army
148,67,86.1,58.9,26,Regular Army
149,64,90.6,60.5,33,Regular Army
145,66,87,61.4,24,Regular Army
135,62,86,62.8,24,Regular Army
140,65,78.5,64.5,28,Regular Army
124,57,77,58.3,20,Regular Army
120,65,75.6,54.3,29,Regular Army
150,63,90.1,67.9,24,Regular Army
90,60,65.8,44.8,23,Regular Army
159,62,87.3,67.7,21,Regular Army
155,63,103.3,66.7,38,Regular Army
163,67,86.3,63.7,19,Regular Army
145,66,76.1,56.7,18,Regular Army
129,62,79.2,56.5,35,Army National Guard
162,61,83.2,63,25,Regular Army
131,60,75.3,57.4,18,Regular Army
125,65,76,59.8,21,Regular Army
140,62,91.3,60.4,21,Regular Army
124,60,77.9,55.6,31,Regular Army
145,68,80.3,57.1,20,Army National Guard
152,64,87.8,64.4,35,Regular Army
200,73,108,71.6,26,Regular Army
105,64,74.2,57.4,19,Regular Army
165,72,81.7,62.4,22,Army National Guard
125,66,75.9,53,25,Army National Guard
140,64,86.5,58.2,25,Army National Guard
150,67,85.5,63.3,28,Army National Guard
208,71,96.7,70.7,21,Regular Army
139,61,99.2,61.7,19,Army National Guard
115,60,73.6,54.2,19,Regular Army
150,63,87.6,60.2,41,Army National Guard
160,68,94.7,67,20,Regular Army
195,72,100,71,33,Army National Guard
141,66,80.2,57.2,20,Army National Guard
118,62,69.5,57.2,23,Army National Guard
124,61,80.7,58.2,27,Army National Guard
147,65,91.8,63.3,26,Regular Army
132,66,75,55.6,36,Regular Army
146,62,88.1,63.1,56,Regular Army
130,63,80.6,61,29,Regular Army
130,63,87.5,62.3,28,Army National Guard
115,59,79.8,57.5,33,Army National Guard
135,64,71.6,58.5,22,Army National Guard
118,57,82.9,56.7,31,Regular Army
136,63,94.3,59.6,22,Army National Guard
143,67,83.4,62.5,25,Regular Army
180,69,95.8,64.9,28,Regular Army
135,65,79.6,59.2,18,Army National Guard
160,64,86.5,62.2,27,Army National Guard
170,65,105.2,67.7,44,Regular Army
161,68,88.1,62.5,32,Regular Army
125,63,76.7,59.5,25,Regular Army
200,69,97.8,71.6,22,Army National Guard
160,66,93.6,57.5,21,Army National Guard
168,67,97,65.7,21,Regular Army
155,65,90.4,64.5,21,Regular Army
138,65,78.3,58,34,Regular Army
127,65,77.2,55.5,25,Regular Army
165,66,96,68.2,42,Regular Army
150,67,87.1,60.5,39,Regular Army
133,65,82.5,61.2,19,Regular Army
138,67,73.4,57.8,18,Regular Army
160,66,85.2,63.1,21,Army National Guard
145,67,81.3,60.7,31,Regular Army
125,60,76.5,56.3,20,Army National Guard
160,66,95.5,61.6,36,Regular Army
146,66,88.2,65.9,22,Regular Army
126,64,80,55.2,31,Regular Army
125,61,82.7,59.6,20,Army National Guard
151,63,88.7,64.1,25,Army National Guard
150,65,83,64,25,Army National Guard
110,60,69.7,52.4,38,Regular Army
160,70,85.7,64.4,23,Regular Army
127,61,78.8,60.5,24,Regular Army
148,67,93.6,60.6,21,Army National Guard
125,63,76.8,56.6,20,Regular Army
160,63,83.3,65.3,19,Army National Guard
145,68,80.2,60,27,Regular Army
131,67,74.2,55.7,18,Army National Guard
145,63,85,60.4,19,Regular Army
126,65,75.8,53.8,18,Regular Army
106,61,70.6,51.3,25,Army National Guard
130,66,77.5,57.5,41,Regular Army
154,66,91.2,60.1,19,Regular Army
140,64,88.6,62,24,Army National Guard
118,62,75.5,53.9,21,Army National Guard
113,62,76.5,52.2,42,Regular Army
160,64,89.7,66.3,25,Regular Army
155,64,86.8,59.4,26,Regular Army
118,64,79,52.8,21,Regular Army
125,62,78.5,54.1,19,Army National Guard
153,66,86.4,63.3,26,Army National Guard
185,67,96.7,66.5,31,Army National Guard
118,65,76,54.8,36,Regular Army
115,60,72.6,55.4,23,Regular Army
130,65,84.2,57.9,23,Army National Guard
160,66,86.5,64,29,Army National Guard
127,62,88.8,57.5,22,Regular Army
143,65,81.9,61.7,28,Army National Guard
122,63,73.9,55.8,28,Regular Army
130,63,80.5,60.3,23,Army National Guard
145,65,88,58.8,29,Regular Army
167,69,81,63.1,24,Regular Army
123,63,80.3,54.3,41,Army National Guard
135,64,78.7,57.5,23,Army National Guard
130,66,78.7,57.7,20,Army National Guard
150,64,82.1,57.8,26,Army National Guard
133,62,72.3,57.7,20,Army National Guard
100,58,62.8,52,22,Army National Guard
160,67,95.1,66.5,32,Army National Guard
160,67,85.7,64.8,41,Army National Guard
117,62,72.6,53.6,23,Army National Guard
115,60,70,54.3,28,Army National Guard
137,61,86,59.7,38,Army National Guard
174,68,83.2,68.7,32,Army National Guard
124,62,81.8,53,31,Army National Guard
150,64,81.3,65.6,26,Army National Guard
128,65,70.5,55.5,40,Army National Guard
135,62,76.8,64.7,21,Army National Guard
170,67,77.9,66.9,20,Army National Guard
116,62,69.9,53.2,18,Army National Guard
127,64,76.8,58.5,19,Army National Guard
150,68,89.8,59.9,32,Army National Guard
169,64,90,66.4,28,Army National Guard
131,67,79.1,56.2,20,Army National Guard
135,62,89.5,57.8,42,Regular Army
118,61,71,55.2,21,Regular Army
135,66,82.7,55.8,20,Army National Guard
128,60,81.2,58.5,18,Regular Army
143,66,80.8,62.9,19,Regular Army
138,60,78.9,60.9,19,Regular Army
200,66,109.2,71.9,42,Regular Army
143,66,81.5,62.3,44,Regular Army
148,57,93.7,65,36,Regular Army
169,64,104,64.2,43,Regular Army
143,68,85.4,57.3,36,Regular Army
238,69,107.6,79.2,41,Regular Army
190,70,103.1,72.8,38,Regular Army
170,66,93,64.1,46,Regular Army
183,64,97.6,73.1,50,Regular Army
149,64,91.6,59,37,Regular Army
165,64,92.7,63.1,40,Regular Army
175,63,103.2,71.6,45,Regular Army
150,65,92.5,66.4,34,Regular Army
155,67,88.9,59,22,Army National Guard
120,65,70.8,54,23,Army Reserve
173,68,92.5,64.2,41,Regular Army
144,66,83.3,59.9,38,Regular Army
125,63,82.7,55,42,Regular Army
182,65,104.2,69.2,53,Regular Army
180,68,96.1,65,33,Regular Army
154,66,86.6,66.5,38,Regular Army
200,64,91.1,70.2,26,Regular Army
137,63,87.5,59.2,31,Regular Army
148,66,90.6,62.9,41,Regular Army
136,63,83.5,61.1,40,Regular Army
130,66,78.7,58.5,41,Regular Army
151,65,94.3,63.5,45,Army Reserve
149,63,91.3,64.6,51,Army Reserve
140,63,77.8,60.1,19,Army National Guard
132,65,72.2,52.9,19,Army National Guard
160,68,84.3,59,20,Army Reserve
133,59,78.2,62.6,19,Army National Guard
139,66,79.1,58.9,24,Regular Army
125,65,76.1,55.2,19,Regular Army
147,67,85.3,60.5,20,Regular Army
140,67,72.5,58.1,22,Regular Army
130,64,77.9,59,20,Regular Army
136,62,83.4,65.4,19,Regular Army
150,66,80,62.5,19,Regular Army
139,66,83.5,60.8,19,Army National Guard
165,70,82.5,63.5,19,Army National Guard
185,67,96.2,70,21,Army National Guard
127,64,82.3,56.7,27,Army National Guard
149,63,84.6,64,19,Regular Army
135,63,95.9,61.6,23,Regular Army
165,68,90.7,61.7,22,Army National Guard
140,63,80.7,60.4,20,Regular Army
138,66,85.3,59.9,20,Regular Army
134,62,75.3,60.7,19,Regular Army
150,64,83.9,55.3,23,Army Reserve
130,62,76.2,59.3,22,Army National Guard
160,66,86.1,62,21,Army National Guard
130,63,84.5,57,20,Army National Guard
145,65,81.8,60,22,Regular Army
105,57,76,53.7,20,Regular Army
162,66,88.5,63,21,Army National Guard
172,68,87.2,62.5,21,Army National Guard
148,66,88.7,54.4,23,Regular Army
138,63,78.8,60.6,27,Army National Guard
160,63,93.7,63.8,21,Army National Guard
130,65,79.8,55.2,18,Army National Guard
146,63,82.6,61,25,Regular Army
135,62,76.1,55.8,19,Regular Army
165,67,82.2,59.8,38,Regular Army
156,68,80.3,59.1,21,Regular Army
136,67,79.1,58.8,28,Regular Army
154,65,84.6,64.1,27,Regular Army
123,63,76.2,51.7,20,Regular Army
145,68,86,58.5,28,Army National Guard
156,68,86.7,59.5,19,Army National Guard
128,63,79.3,54,21,Regular Army
165,66,92.8,62.8,18,Regular Army
109,64,67.2,47.6,18,Army National Guard
125,64,78.5,57.1,20,Army National Guard
180,67,91.6,72.8,22,Regular Army
168,68,85.4,65.5,20,Regular Army
135,63,77.8,61.4,18,Army National Guard
150,65,77.1,59.8,20,Army National Guard
183,70,89.7,65.8,33,Regular Army
130,61,82.2,58.1,18,Army National Guard
140,60,93.5,59.9,18,Army National Guard
133,63,82.8,58.5,19,Army Reserve
130,63,84.1,58.8,21,Army National Guard
120,62,75.4,55.2,18,Army National Guard
140,63,86.5,63.8,37,Regular Army
145,63,82.7,62.9,42,Army Reserve
148,64,88.7,61.2,21,Army Reserve
140,63,83.6,59.5,20,Army Reserve
160,66,91.7,64.8,23,Army National Guard
128,68,73.9,53,21,Army National Guard
125,64,77.9,53.6,20,Regular Army
140,65,77.5,59,22,Army Reserve
145,63,86,63,19,Army National Guard
122,65,70,49.8,23,Army Reserve
150,67,81.2,58.7,19,Army National Guard
175,67,90.8,64.9,33,Army National Guard
125,64,73.3,56.2,27,Regular Army
150,66,90.4,57.9,20,Army National Guard
130,66,81.4,57.3,21,Army National Guard
118,62,87.2,54.8,21,Army National Guard
150,64,98,62.8,31,Army National Guard
165,62,104.6,68.5,22,Army National Guard
135,67,84.1,55.7,28,Army National Guard
130,56,82.4,60.8,29,Army National Guard
175,69,95.5,65.4,30,Army National Guard
115,64,71.7,52.2,24,Army National Guard
158,65,96.4,60.8,39,Army National Guard
130,66,75.8,58,21,Army National Guard
128,61,82.9,60.1,20,Army National Guard
140,60,99.9,57.5,25,Army National Guard
152,64,94.1,68.3,36,Army National Guard
125,67,77.6,55.9,43,Army National Guard
150,69,82.2,61.5,25,Regular Army
120,64,75.2,56.8,23,Regular Army
100,56,71.6,49.3,27,Regular Army
128,63,75.9,54.5,28,Regular Army
181,68,89.8,68.6,22,Regular Army
160,68,85.2,64.6,22,Regular Army
165,64,92,66.8,19,Regular Army
185,66,104.7,69.3,26,Regular Army
140,62,90.4,65.1,27,Regular Army
163,71,87.5,65.1,24,Regular Army
153,67,85,64,26,Regular Army
163,66,98.7,65.6,25,Regular Army
135,63,87,62.9,22,Regular Army
108,60,74.3,52.9,42,Regular Army
180,67,91,67.7,24,Regular Army
165,66,96.4,65.3,25,Regular Army
170,66,93.4,62.6,45,Regular Army
130,65,78,58.5,30,Regular Army
167,64,95.1,66.9,41,Regular Army
150,80,79.5,59.4,38,Regular Army
110,61,81.5,50.4,33,Regular Army
145,64,84.8,60,44,Regular Army
148,64,79.7,57.1,40,Regular Army
138,62,92.7,59.3,28,Regular Army
156,65,98.6,64.5,45,Regular Army
152,64,88.4,63.2,36,Regular Army
100,59,67.3,51.7,22,Regular Army
160,69,81,60.4,32,Regular Army
163,64,93.3,66.3,42,Regular Army
160,64,99.5,67.2,39,Regular Army
174,67,96.6,67.2,25,Regular Army
140,65,87.4,59.7,48,Regular Army
160,63,101.3,63.2,41,Regular Army
133,63,73.5,60.6,26,Regular Army
177,63,107.2,69.3,31,Regular Army
140,62,83.4,60.9,22,Regular Army
169,60,106.5,69.7,29,Regular Army
125,63,81.8,59.3,24,Regular Army
150,65,82.8,58.7,29,Regular Army
169,66,94.5,64.9,36,Regular Army
140,61,90,60.4,31,Regular Army
145,66,83.1,61.6,41,Regular Army
109,61,82.2,55.4,23,Regular Army
165,66,102.1,67.1,42,Regular Army
195,68,115.7,71.4,35,Regular Army
150,62,86.1,63.5,30,Regular Army
141,64,76.5,60.3,24,Regular Army
197,66,108.5,67.2,34,Regular Army
140,63,88,57.9,26,Regular Army
150,60,101.2,65.9,30,Regular Army
135,65,83.1,60.5,33,Regular Army
112,62,79.7,53.6,43,Regular Army
107,64,76.2,49.5,32,Regular Army
160,62,92.2,69.6,31,Regular Army
180,70,103.5,65.4,26,Regular Army
169,64,101.2,68.8,36,Regular Army
140,62,86.4,61.7,31,Regular Army
170,63,96.2,68.6,29,Regular Army
150,62,91.4,59.9,31,Regular Army
163,68,86.2,63.6,25,Regular Army
156,67,95.7,62.5,24,Regular Army
174,67,89.7,69.6,22,Regular Army
120,63,81.2,58.1,31,Regular Army
144,64,86.5,56.7,38,Regular Army
170,67,105.4,71.6,40,Regular Army
187,67,97.3,67.4,38,Regular Army
147,65,94.7,53.6,44,Regular Army
156,66,90.2,62.9,29,Regular Army
130,67,78.2,53.3,23,Regular Army
116,64,75.5,53.5,26,Regular Army
164,68,99,69.5,24,Regular Army
180,64,97.2,71.2,33,Regular Army
168,63,92.2,68.3,24,Regular Army
140,63,89.5,60.2,38,Regular Army
145,66,88.5,63.1,41,Regular Army
160,65,91,61.3,41,Regular Army
155,68,82.7,59,26,Regular Army
157,64,84,64.3,42,Regular Army
225,68,103.2,77.6,40,Regular Army
168,64,90.3,64,54,Regular Army
145,62,87.5,57.8,23,Regular Army
145,61,79,57.6,28,Regular Army
150,65,87.5,65.8,38,Regular Army
194,69,98.3,71.1,42,Regular Army
206,68,113.9,70.7,37,Regular Army
140,67,79.2,60.4,51,Regular Army
140,70,113.3,73,44,Regular Army
143,65,88.1,58.3,22,Regular Army
158,62,90.7,68,40,Regular Army
140,65,85,59.1,21,Army National Guard
155,61,94.5,65.1,24,Army National Guard
160,64,106.9,71.8,22,Army National Guard
165,65,92,64.1,25,Army National Guard
185,64,109.5,68,45,Army National Guard
181,64,103.9,66.8,32,Army National Guard
125,65,76.5,53.2,27,Army National Guard
175,64,104.2,65.1,22,Army National Guard
137,63,88,57.7,33,Army National Guard
142,67,81.1,56.7,20,Army National Guard
172,68,98.7,66.9,33,Army National Guard
130,61,79.3,60.2,24,Army National Guard
160,63,91.8,67.3,22,Army National Guard
145,59,104,63.7,44,Army National Guard
125,64,80.3,49.9,41,Army National Guard
145,64,83.8,57.8,22,Army National Guard
134,65,87.8,60.2,41,Army National Guard
170,67,104,68.7,23,Army National Guard
132,66,78.5,58.9,33,Army National Guard
148,63,94.3,62.1,42,Army National Guard
140,63,80,57.1,20,Army National Guard
150,64,91.6,61.3,46,Army National Guard
150,65,96.1,58.7,23,Army National Guard
190,66,106.5,69,38,Army National Guard
139,62,84.7,62.8,46,Army National Guard
165,65,102,70,45,Army National Guard
120,63,79,52.7,51,Army National Guard
154,64,88.7,66.7,45,Army National Guard
169,64,97.5,66.4,52,Army National Guard
215,67,110,73,36,Army National Guard
148,64,89.6,61.2,25,Army National Guard
100,61,66,49.3,33,Army National Guard
165,66,102.1,59.4,39,Army National Guard
120,67,79,50,27,Regular Army
132,61,81.6,57.3,20,Regular Army
155,62,96.6,62,21,Regular Army
162,66,96.6,64.7,24,Regular Army
148,63,80.9,59.4,29,Regular Army
127,64,78.7,53,25,Regular Army
192,67,90.7,64.5,47,Regular Army
146,66,87.7,60.6,23,Regular Army
167,64,87.8,64.8,24,Regular Army
139,66,73.4,58.2,24,Regular Army
155,64,86.1,63.5,29,Regular Army
150,67,88.5,55.5,24,Regular Army
135,63,82,57.6,22,Regular Army
135,67,79.6,58.7,19,Regular Army
135,65,83.5,58.6,28,Regular Army
170,64,92.2,68.2,23,Regular Army
129,64,76.9,56.9,33,Regular Army
130,65,81.2,54.9,31,Regular Army
170,69,97.3,62.7,26,Regular Army
154,59,95.2,60.1,39,Regular Army
185,66,111.3,64.5,28,Regular Army
135,62,90.7,54.3,35,Regular Army
208,67,106.8,72.6,40,Regular Army
143,66,84.3,57.2,28,Regular Army
133,64,75.5,62.2,34,Regular Army
152,63,91,63,22,Regular Army
147,64,94.3,67.7,34,Regular Army
143,64,81.9,61,22,Regular Army
170,71,90.5,66.7,27,Regular Army
155,66,101.8,61.5,42,Regular Army
125,65,75.7,53.8,25,Regular Army
170,70,89.3,63.3,21,Regular Army
145,64,84.9,60.9,25,Regular Army
147,69,76.8,57.6,20,Regular Army
143,63,85,64.3,24,Regular Army
190,64,109,68.8,33,Regular Army
128,66,83.5,59.6,40,Regular Army
176,67,94.6,67.5,42,Regular Army
170,60,85.2,63.2,26,Regular Army
127,65,74.1,55.5,22,Regular Army
193,63,106,66.7,43,Regular Army
170,64,101.7,64.8,37,Regular Army
119,60,78.2,60.1,28,Regular Army
180,66,103,67.3,30,Regular Army
138,68,85.3,58.1,27,Regular Army
126,61,88.1,57.2,35,Regular Army
162,61,94.8,63.7,42,Regular Army
160,65,84.6,64.1,23,Regular Army
152,65,87.5,65.6,24,Regular Army
180,66,98.2,67.3,24,Regular Army
135,66,79.1,55.3,25,Regular Army
173,71,84.4,61.9,22,Regular Army
187,72,102.8,72.7,19,Regular Army
135,70,76.8,53.2,24,Regular Army
127,63,77.5,60.2,23,Regular Army
123,65,71.8,50.8,28,Regular Army
152,62,87.1,60.8,30,Regular Army
142,62,84,63.1,40,Regular Army
135,65,71.9,55.4,25,Regular Army
132,61,81.1,61.1,41,Regular Army
148,61,92,64.1,36,Regular Army
148,69,81.2,57,28,Regular Army
139,64,81.4,61.5,22,Regular Army
143,63,81.8,58.6,26,Regular Army
135,63,84.4,62.8,36,Regular Army
129,65,78.7,54.7,24,Regular Army
170,65,94.8,72.3,21,Regular Army
134,66,83.4,58.8,26,Regular Army
180,68,97.2,67.8,27,Regular Army
123,61,76.3,57.6,23,Regular Army
113,66,71,48.7,28,Regular Army
140,68,80.5,56.2,25,Regular Army
162,65,84.3,64.6,42,Regular Army
143,63,86.6,63.8,30,Regular Army
205,66,98.1,73.7,47,Regular Army
150,69,84,60.7,22,Regular Army
146,64,86.6,61.2,33,Regular Army
150,69,74.5,58.2,28,Regular Army
173,68,93,62.7,33,Regular Army
155,67,82.4,60.6,51,Regular Army
116,62,66.9,54.1,33,Regular Army
130,67,76.9,55.4,33,Regular Army
167,68,87.7,63.3,43,Regular Army
168,66,97,66.3,41,Regular Army
158,62,88,66.4,24,Regular Army
145,65,87,57.2,31,Regular Army
163,67,90,67.2,34,Regular Army
115,61,75.2,55.3,28,Regular Army
140,63,80.5,61.7,20,Regular Army
141,64,84.2,60.6,24,Regular Army
148,63,91.7,59.5,24,Regular Army
155,64,85.3,71.3,22,Regular Army
152,65,95.3,62,22,Regular Army
136,63,81.6,56.9,27,Regular Army
125,61,77.8,59.5,23,Regular Army
198,67,96.3,70.1,24,Regular Army
167,66,93.1,67.4,40,Regular Army
170,65,88.9,69.5,21,Regular Army
158,66,80.5,61.3,26,Regular Army
127,63,77.6,57.5,20,Regular Army
135,63,79.5,58.2,24,Regular Army
190,66,93.6,71.3,25,Regular Army
120,61,70.2,56.4,21,Regular Army
153,62,91.8,72.6,38,Regular Army
130,59,82.8,61.9,21,Regular Army
110,61,69.8,54.9,22,Army National Guard
158,66,83.9,63.3,18,Regular Army
114,66,77.4,52.2,21,Regular Army
125,66,82.8,56.2,21,Army National Guard
108,63,72.2,55.8,18,Army Reserve
135,64,80.5,55.1,22,Army National Guard
135,64,82.1,57.1,26,Army National Guard
120,60,79.7,59.6,18,Army Reserve
114,58,76.4,55.6,22,Army National Guard
150,65,84.7,63.5,18,Army National Guard
150,63,86.3,61.7,30,Regular Army
138,63,86.8,58.5,29,Regular Army
160,66,90.7,63.1,25,Regular Army
140,64,88.3,59.9,33,Regular Army
172,69,94.6,65.7,32,Regular Army
133,64,73.5,56.4,29,Regular Army
169,67,95.2,69.7,37,Regular Army
135,65,83.3,58.4,23,Army Reserve
102,60,73.7,48.8,29,Regular Army
125,65,71.5,59,19,Army National Guard
125,62,80.8,58.3,20,Army National Guard
142,65,75.8,57.3,21,Regular Army
130,63,88.3,59.4,18,Army National Guard
115,61,78.9,55.4,19,Army Reserve
140,62,81.2,63,18,Regular Army
140,63,83.8,60.6,18,Army National Guard
142,66,77,57.8,18,Army National Guard
125,62,70.7,57.4,21,Army National Guard
140,66,79.8,61.4,18,Army National Guard
138,63,85.6,56.8,19,Regular Army
118,66,71.6,54.2,21,Regular Army
150,68,94,58.3,19,Regular Army
157,65,90.7,62.6,19,Army National Guard
148,64,83.2,61.6,21,Regular Army
145,64,83.6,58.9,21,Army National Guard
140,67,84,60.2,22,Army National Guard
145,67,79,61.6,18,Army National Guard
112,61,73.3,54.5,18,Regular Army
117,64,70,51.3,18,Army National Guard
158,70,80.5,58.1,36,Regular Army
165,66,93.7,67.6,49,Regular Army
135,63,86.7,57.6,52,Regular Army
95,59,64.1,47.4,22,Regular Army
165,63,95.1,63.2,29,Regular Army
155,63,84.5,65.6,27,Regular Army
150,65,87.6,61.8,41,Regular Army
150,65,95.1,66.2,19,Regular Army
150,68,79,57.8,21,Regular Army
132,64,75.2,58.8,21,Regular Army
158,65,80.7,61.9,21,Army Reserve
135,62,85.2,61.3,20,Army National Guard
130,61,88,58.5,18,Army National Guard
165,67,91.3,67,19,Army Reserve
170,67,88.5,63,19,Army National Guard
120,63,74.2,52.3,25,Army National Guard
145,63,82.6,63.4,29,Army Reserve
135,69,82,61.2,20,Army Reserve
165,66,101,68.1,19,Army National Guard
142,68,82,64.7,23,Army Reserve
150,63,79.2,54.1,20,Army National Guard
150,64,76.6,59.2,21,Army National Guard
103,59,72.8,51.8,21,Army Reserve
135,62,89.5,61,18,Army Reserve
183,67,81.1,63.2,19,Army National Guard
145,65,85.6,62.5,22,Army National Guard
154,62,77.2,64.3,18,Regular Army
130,63,82.6,62.3,26,Regular Army
145,65,84.4,61.5,30,Regular Army
148,69,75.6,58.7,29,Regular Army
148,65,89.3,60.4,54,Army Reserve
195,70,105.9,70.4,27,Regular Army
140,60,78.1,65.4,21,Regular Army
185,66,93.2,67.1,37,Regular Army
126,62,74.6,57.6,23,Army National Guard
130,59,80.1,60.3,18,Army Reserve
135,66,92.8,58.4,18,Army National Guard
155,70,80.6,60.3,19,Army National Guard
120,64,74.9,57.9,19,Army Reserve
115,63,76.7,55.3,19,Army Reserve
123,64,74.8,55.5,19,Army National Guard
140,62,79.8,59.3,34,Army Reserve
120,62,72.2,54.9,18,Regular Army
140,65,88.8,62.7,29,Army National Guard
155,67,78.4,58.2,20,Army National Guard
130,61,77.8,62.1,19,Army National Guard
130,64,93,59.1,18,Army National Guard
122,64,74,58.4,19,Army National Guard
120,61,81.8,52.9,23,Regular Army
175,63,102.6,70.4,28,Regular Army
127,64,79.6,57.4,21,Army National Guard
160,67,86.5,66.2,20,Regular Army
160,65,89.2,63.9,18,Army National Guard
145,62,89.1,62.4,39,Regular Army
165,67,98.5,64.5,20,Army National Guard
110,63,76.7,53.3,23,Army National Guard
105,61,69.8,51,20,Regular Army
184,67,103.1,70.8,29,Regular Army
152,63,86.9,60.8,18,Army National Guard
137,66,85.3,58.2,18,Army National Guard
157,67,78.8,60.7,18,Army National Guard
110,61,75.5,54.5,19,Regular Army
160,70,86.8,60.7,24,Army Reserve
150,68,77.3,59.2,23,Regular Army
132,63,84.7,53.5,41,Regular Army
133,67,79.9,56.6,23,Regular Army
145,66,89.5,57,24,Regular Army
110,60,74,53.2,24,Army Reserve
157,66,92.7,63.4,28,Regular Army
150,66,90.5,64.9,18,Army National Guard
143,63,83.7,59.9,24,Regular Army
170,65,89.6,67.3,19,Army National Guard
160,64,96.8,68.3,20,Army National Guard
170,67,94.1,65.2,32,Regular Army
115,65,69.8,51.7,31,Regular Army
148,67,78.5,61.7,41,Regular Army
161,63,92.8,62.5,42,Regular Army
120,63,78.3,53.8,31,Regular Army
130,66,77.2,57.3,27,Regular Army
154,65,97,63.6,24,Regular Army
147,63,88,58.6,28,Regular Army
150,64,94.6,61.5,28,Regular Army
154,66,91.5,58.7,36,Army Reserve
134,62,85.5,59.7,27,Regular Army
168,67,88.1,62.9,39,Regular Army
152,63,85.5,63.1,29,Regular Army
127,64,82.5,58.2,28,Regular Army
180,65,93.9,66.2,44,Regular Army
144,68,83.7,57.7,41,Army National Guard
145,66,82.2,63.2,21,Regular Army
165,64,89.5,63.9,19,Army National Guard
147,65,80.3,61.8,19,Army National Guard
145,64,91.1,59.9,27,Regular Army
150,68,82.2,63.7,20,Regular Army
139,69,79,60.8,22,Regular Army
132,69,70,53,24,Army National Guard
106,61,72.7,51.6,42,Regular Army
162,65,84.9,64.5,38,Regular Army
223,71,117.4,72.8,40,Regular Army
144,63,83.7,61.9,43,Regular Army
160,66,83.5,64.6,26,Regular Army
194,65,111.4,70.2,48,Regular Army
160,62,96,64.7,41,Regular Army
137,62,81.4,62.9,21,Army National Guard
150,63,82.4,67.2,29,Regular Army
135,61,88.9,60,30,Regular Army
140,63,79,59.3,18,Army National Guard
150,67,77.5,62.8,32,Regular Army
143,65,82.7,61.7,42,Regular Army
115,62,70.7,53,24,Regular Army
127,62,78.8,57.9,32,Regular Army
196,67,98.2,70.1,29,Regular Army
157,67,80.4,64.2,18,Army National Guard
126,60,84.7,53.8,19,Army National Guard
135,64,75.7,57.8,18,Army National Guard
135,64,86,60.2,21,Army National Guard
140,59,82.7,63.2,21,Army National Guard
150,65,85.2,64.7,28,Regular Army
130,63,81.5,58.6,25,Regular Army
180,67,96.6,67,25,Regular Army
161,64,92.8,63.5,22,Regular Army
161,65,90.6,62.1,41,Regular Army
105,64,72.9,49.5,43,Regular Army
132,65,77.5,58.4,33,Regular Army
113,63,74.2,55.2,30,Regular Army
156,66,88.2,65.1,45,Army National Guard
187,70,99.5,70.8,25,Regular Army
116,61,70.5,55.5,38,Regular Army
159,66,87.6,59.8,35,Regular Army
135,63,77.5,61.9,30,Army National Guard
120,63,73.3,53.8,35,Army Reserve
124,63,78.1,54.1,22,Regular Army
135,62,84,60.9,22,Regular Army
120,64,75.1,53.1,28,Regular Army
138,62,83.4,63,27,Regular Army
167,67,87.8,63.3,27,Regular Army
160,66,87.9,62.8,27,Regular Army
170,67,97.4,61.8,31,Regular Army
126,65,76,54.3,31,Regular Army
185,64,96.4,65.6,44,Regular Army
181,62,102.5,73.9,30,Regular Army
177,68,96.6,69.2,30,Regular Army
127,60,76.1,54.2,45,Regular Army
132,60,90.5,60.1,28,Army Reserve
148,67,85.1,61.8,26,Regular Army
145,61,90.3,59.1,30,Regular Army
140,64,82,59.6,21,Regular Army
127,69,71.9,54.5,18,Army National Guard
135,62,81,60.3,18,Army Reserve
131,63,72.8,59,22,Army Reserve
148,64,84.5,60.7,19,Army National Guard
150,67,80.6,63.6,40,Regular Army
132,63,76.4,63,22,Army National Guard
147,63,85.4,58.5,33,Army National Guard
120,61,74.7,58.3,22,Army Reserve
117,65,65.6,53.3,33,Regular Army
144,66,88.6,62.3,18,Regular Army
154,65,80.1,62.1,33,Regular Army
138,60,89.5,57.7,27,Regular Army
140,62,91.6,58.5,20,Regular Army
115,64,68.1,51.2,18,Army Reserve
132,64,79,59.4,23,Regular Army
114,59,68,58.6,19,Army National Guard
116,60,72.5,53.7,18,Army Reserve
165,68,94.2,64.3,19,Army Reserve
130,62,83.8,58.5,20,Army Reserve
155,64,88.3,60.5,22,Army Reserve
135,67,90.7,61.3,18,Regular Army
156,64,87.8,62.9,30,Regular Army
178,69,98,67.1,35,Regular Army
117,61,79.4,57.8,19,Army National Guard
138,66,75.4,60.1,20,Army National Guard
140,63,84.4,58.2,20,Army Reserve
160,64,86,60.2,20,Army National Guard
140,64,86.5,58.7,40,Army National Guard
166,66,90,63.8,23,Army National Guard
146,64,76.9,61.7,18,Army National Guard
140,67,86.3,64.8,19,Army National Guard
170,65,93.6,62.7,18,Army National Guard
178,70,86.6,69.5,22,Army Reserve
140,67,84.2,60.2,19,Army National Guard
135,65,81.9,60.8,24,Army National Guard
162,68,79.4,64.8,18,Army National Guard
120,68,74.6,52.1,20,Regular Army
160,66,87.8,60.5,22,Regular Army
135,61,83.5,60.6,19,Army Reserve
104,61,69,48.6,18,Army National Guard
130,60,80,58,19,Army National Guard
145,66,84.8,63.5,22,Army National Guard
103,58,69.4,51,21,Army National Guard
155,70,76.5,61.6,26,Army National Guard
145,62,88.5,67.5,18,Army National Guard
130,67,79.7,56.9,22,Army National Guard
140,63,83.1,61.2,20,Army National Guard
137,63,84,58.3,39,Regular Army
160,65,87.1,67.9,28,Regular Army
184,70,95.5,66.5,27,Regular Army
165,64,93.6,70.4,38,Regular Army
174,64,90.5,66.4,38,Regular Army
190,68,100.5,67.4,43,Regular Army
130,63,75.6,57.8,19,Army National Guard
120,64,71.9,51.6,18,Army Reserve
138,64,79.4,59.9,18,Regular Army
170,66,96.7,62.8,27,Regular Army
134,65,84.6,56.8,26,Army National Guard
117,63,73.8,59.2,19,Army National Guard
135,64,79,59.7,39,Regular Army
180,67,92.6,66.8,25,Regular Army
130,60,85.3,60.7,30,Regular Army
132,60,88.6,56,41,Regular Army
190,66,97,67.7,45,Army National Guard
185,67,100,69.8,35,Regular Army
169,64,95.6,72.4,43,Regular Army
140,66,84,59.1,42,Regular Army
122,65,74.9,54.7,41,Regular Army
170,60,90.5,69.2,23,Army Reserve
159,64,84.7,66.1,29,Regular Army
186,67,93.3,70.2,25,Army Reserve
140,61,88.3,59.1,50,Army Reserve
114,60,71,54,30,Army Reserve
158,65,82.5,69.8,47,Regular Army
175,65,86.6,67.3,29,Regular Army
108,62,66.8,54.4,28,Regular Army
172,63,112.1,66.2,28,Regular Army
200,66,112.1,72.6,29,Regular Army
133,69,68,56,25,Regular Army
164,60,86.3,65.7,30,Regular Army
210,67,112.7,75.5,27,Army National Guard
140,64,80.1,61.5,24,Army National Guard
155,61,94.2,68.1,27,Regular Army
135,62,90,59.8,49,Regular Army
131,65,77.5,59.8,30,Regular Army
115,64,70.2,55.2,27,Regular Army
138,64,78.3,59.7,55,Regular Army
198,67,103.2,65.7,39,Army National Guard
183,63,98.1,69.1,32,Army National Guard
189,66,109,67.2,50,Army National Guard
148,63,78,65.9,30,Regular Army
119,64,72.6,54.8,26,Regular Army
156,64,90.8,60.4,58,Regular Army
116,62,72.5,55,35,Army National Guard
160,64,93.3,66.4,44,Army National Guard
130,66,78.1,55.6,37,Regular Army
160,65,86.7,68.5,36,Army National Guard
136,64,77.1,59.1,23,Regular Army
153,63,99.1,60.1,30,Regular Army
133,63,85,54.1,41,Regular Army
150,66,81.4,60.8,31,Regular Army
120,62,83,51.4,40,Regular Army
141,66,86.2,61.3,28,Regular Army
137,66,70.1,58.6,41,Regular Army
144,65,80.7,66.1,43,Regular Army
162,64,95.7,69.4,40,Regular Army
180,71,92.2,67,32,Regular Army
153,59,89.5,68.1,24,Regular Army
150,62,94,60,45,Regular Army
154,62,91.2,65,31,Regular Army
140,62,81.8,62,44,Army Reserve
140,64,83,63.2,25,Army Reserve
184,69,94.4,64.4,41,Regular Army
135,62,84,58.2,26,Regular Army
155,70,82.4,64.2,20,Regular Army
125,62,90.4,56.9,23,Regular Army
142,64,82.5,57.9,29,Regular Army
153,64,90.8,63.9,34,Regular Army
168,66,90.1,66.9,34,Regular Army
145,67,84.7,61.7,19,Regular Army
135,69,84.2,61.9,25,Regular Army
190,67,107.7,68.6,24,Regular Army
148,66,77,59.7,23,Regular Army
172,62,85.6,73.9,42,Regular Army
150,62,76.3,64.3,23,Regular Army
115,62,68.2,51.8,21,Regular Army
120,60,84.1,51.8,40,Regular Army
204,65,110.6,72.8,22,Regular Army
195,65,104.5,72.6,25,Regular Army
170,67,99.3,64.1,46,Regular Army
161,62,101.7,60.7,42,Regular Army
167,65,85.1,67.3,31,Regular Army
170,67,86,67.8,33,Regular Army
165,64,78.5,63.7,24,Regular Army
140,66,76.5,54,22,Regular Army
130,64,73.7,56.9,37,Regular Army
164,66,95.3,58.6,46,Regular Army
175,62,97.3,71.7,46,Regular Army
200,66,95.8,68.2,41,Regular Army
128,61,81.2,60,27,Regular Army
137,65,92.3,63.2,44,Regular Army
158,67,87.8,67.9,42,Regular Army
175,71,81.6,62.6,20,Regular Army
135,61,83.1,62.5,32,Regular Army
170,67,90.3,71.6,37,Regular Army
136,63,82.4,60.5,25,Regular Army
190,60,97.2,66.2,41,Regular Army
148,65,80,59.5,25,Regular Army
145,68,77.2,57.2,20,Regular Army
142,62,92.5,57.3,19,Regular Army
138,65,84,62.1,25,Regular Army
149,66,82.9,61.2,25,Regular Army
157,63,96.8,70.9,36,Regular Army
217,67,109.5,80.6,26,Regular Army
210,68,105,71.5,44,Regular Army
108,62,69.6,50.8,22,Regular Army
121,62,76,54.9,28,Regular Army
143,66,73.6,59.1,29,Regular Army
112,65,65.1,51.8,23,Regular Army
143,62,83.7,62.7,36,Regular Army
128,60,79.8,59.7,23,Regular Army
147,64,88,59.8,28,Regular Army
145,65,79,61.2,21,Regular Army
130,65,104.5,60,25,Regular Army
200,65,103.3,75.7,28,Regular Army
135,63,75.7,60.2,23,Regular Army
155,65,88.5,63.1,30,Regular Army
130,63,89.3,62,31,Regular Army
160,63,96.8,69,40,Regular Army
125,60,93,60.7,31,Regular Army
150,62,83.7,64.8,25,Regular Army
154,63,84,63.5,30,Regular Army
165,64,90,66.9,43,Regular Army
165,67,95.5,63.8,48,Regular Army
130,64,79.6,57.5,38,Regular Army
135,65,83.3,59.7,46,Regular Army
200,73,89.1,74.3,24,Regular Army
110,64,65.6,49.6,21,Regular Army
150,67,80.8,58.8,24,Regular Army
123,61,80.3,61.5,53,Regular Army
133,67,80.7,58.4,27,Army National Guard
154,66,86.5,61.1,30,Regular Army
130,63,87.6,63.9,21,Army National Guard
127,65,72.3,56.2,21,Regular Army
185,62,105.6,70,32,Regular Army
130,66,71.1,60.6,22,Regular Army
147,66,78,59.2,31,Army Reserve
150,63,77.8,66.7,26,Regular Army
106,62,63.7,49.6,20,Regular Army
158,67,79,57.7,18,Regular Army
116,63,71.8,55.7,21,Army National Guard
140,63,84,63,22,Regular Army
177,67,102.6,65.9,30,Regular Army
155,68,81.7,59.5,21,Regular Army
134,69,68.9,54.7,23,Regular Army
120,63,76.4,52.7,31,Regular Army
145,64,85.8,60.6,23,Regular Army
170,66,85.5,70.3,31,Regular Army
129,63,82.5,54.2,42,Regular Army
110,62,78.7,52.2,19,Army National Guard
160,64,94.1,63.7,21,Army National Guard
145,64,84,65.4,18,Army National Guard
140,64,84.6,58,25,Army National Guard
124,62,79,57.4,25,Army National Guard
122,60,77.6,59.7,33,Army National Guard
148,64,82.3,59,42,Regular Army
127,64,72.5,58.2,20,Regular Army
174,66,90.8,69.7,25,Regular Army
140,62,90.8,61.7,31,Regular Army
160,64,94.2,61,21,Regular Army
174,69,86.3,65.7,37,Regular Army
140,63,73.3,58,27,Regular Army
138,62,85.2,60.6,27,Regular Army
153,65,89.8,59.2,26,Army Reserve
130,62,87.9,61.8,26,Regular Army
130,63,75.1,57.3,22,Army Reserve
150,68,86.4,61.8,24,Regular Army
125,65,77.9,60.6,22,Army National Guard
138,64,88.4,60.1,19,Army National Guard
138,64,94,66,18,Regular Army
145,66,76.9,61.3,19,Regular Army
130,67,75.7,57.6,20,Army National Guard
144,67,78.4,67.2,17,Army National Guard
158,65,99.1,64.7,37,Army National Guard
140,63,78.8,61.2,18,Army National Guard
140,63,80.7,58.8,21,Army National Guard
100,57,72,53,35,Army National Guard
141,61,84.9,59.4,30,Army National Guard
130,59,85.8,61.1,24,Army National Guard
166,64,88.9,63.8,25,Army National Guard
147,68,75.7,62.7,26,Army National Guard
137,64,82.8,63.4,20,Army National Guard
115,59,82,57.3,18,Army National Guard
132,63,73.9,62.3,20,Regular Army
110,57,78.9,53.1,32,Regular Army
115,61,73.3,53.6,26,Regular Army
116,60,74,54.5,22,Regular Army
124,64,80.8,51.6,29,Regular Army
150,64,96.7,66.7,30,Regular Army
145,65,90.9,60.4,22,Regular Army
174,61,96.2,70.2,22,Regular Army
122,62,83.4,58.3,23,Army Reserve
170,70,94.8,63.8,28,Army Reserve
147,64,84.8,61.6,23,Army Reserve
118,64,72.1,52.7,23,Army Reserve
169,67,86.5,69,24,Regular Army
110,61,79.3,56.6,36,Army Reserve
130,67,73.1,58.6,22,Regular Army
120,65,75,51.3,28,Regular Army
120,65,74.4,53.6,24,Regular Army
130,61,78,59.7,23,Army Reserve
135,62,86,62,31,Army National Guard
154,66,90,63.6,22,Army National Guard
188,70,95.5,66.7,22,Army National Guard
130,64,75.3,56.1,24,Army Reserve
140,64,82.5,58.3,22,Regular Army
138,67,77.4,53.5,25,Regular Army
116,61,67.9,52.5,29,Regular Army
112,77,71.6,51.2,42,Regular Army
115,60,69.9,57.8,22,Regular Army
128,60,81.4,60.3,29,Army National Guard
158,64,85.3,65.1,23,Army National Guard
125,66,78.3,57.2,24,Army National Guard
174,66,86,75.7,41,Regular Army
138,62,75,61.5,22,Army National Guard
153,67,96,59.4,53,Regular Army
153,66,87.3,61.5,25,Army National Guard
127,62,92.3,55.4,26,Regular Army
139,64,79.1,60.1,20,Regular Army
135,64,77.1,55.4,18,Army National Guard
175,67,98.3,63.9,46,Regular Army
124,63,78.7,54.8,42,Regular Army
120,69,65.7,53.7,26,Regular Army
127,61,78.1,59.4,29,Regular Army
129,63,74,58.6,24,Army National Guard
138,61,81.9,64.9,19,Regular Army
128,63,80.5,56.3,47,Regular Army
185,64,101,69.6,41,Regular Army
170,72,90.5,62.2,42,Regular Army
168,68,92,66.2,30,Regular Army
145,64,92.4,60.9,29,Regular Army
194,68,100.3,71.5,45,Regular Army
145,65,78,61.8,23,Regular Army
127,59,100.3,58.3,40,Regular Army
147,66,86.3,57.3,19,Regular Army
140,64,85.6,59.9,19,Army National Guard
148,63,90.2,61.2,25,Regular Army
161,64,101,64.8,49,Regular Army
127,66,75.9,54.5,41,Regular Army
165,60,89.3,64.8,43,Regular Army
138,64,84.4,62,37,Regular Army
106,61,66.5,48.1,24,Regular Army
155,64,93,65.2,23,Regular Army
144,67,80.7,61,34,Regular Army
175,66,95.7,64.2,43,Regular Army
127,60,86.8,61.2,27,Regular Army
140,65,78.2,61.4,30,Regular Army
160,62,96.6,63.8,36,Regular Army
130,64,77.8,58.8,31,Army National Guard
190,66,98,68.9,37,Regular Army
147,62,85,65.7,42,Regular Army
109,62,67,51.6,34,Regular Army
125,62,74.5,56,27,Regular Army
130,61,82.6,61.1,27,Regular Army
137,62,86,60.5,30,Army Reserve
152,65,79.7,64.1,21,Regular Army
126,63,70.6,55.2,42,Regular Army
140,70,73,54.4,28,Regular Army
132,63,74.3,60.2,27,Army National Guard
164,70,80.5,65,21,Army National Guard
148,66,91.2,60.8,25,Army National Guard
140,61,85.3,64,24,Army National Guard
155,63,84.7,65.6,21,Army National Guard
119,62,72.6,58.8,20,Army National Guard
130,62,79.5,58.7,23,Army National Guard
145,66,83.7,58.8,24,Army National Guard
140,65,81.6,63.3,27,Army National Guard
140,61,81.4,58.7,27,Army National Guard
100,63,69.3,49.4,24,Army National Guard
140,68,79.8,58.6,21,Army National Guard
132,64,80.7,58.6,32,Army National Guard
123,64,77.8,57.1,30,Army National Guard
260,68,130.5,78.8,31,Army National Guard
170,66,91.9,67.8,21,Army National Guard
102,61,61.1,47.8,23,Army National Guard
115,64,69.8,50.6,22,Army National Guard
95,59,61.5,46.5,21,Army National Guard
152,66,85.9,63.8,25,Army National Guard
165,70,88.7,67.4,22,Army National Guard
139,63,91.1,56.5,40,Army National Guard
125,63,73.3,53.6,21,Army National Guard
195,68,97.9,66.5,21,Army National Guard
167,67,96.8,61.1,26,Army National Guard
165,64,94.1,65.6,22,Army National Guard
135,67,73.2,58.6,28,Army National Guard
120,62,76,55,20,Army National Guard
165,66,90.5,64.1,22,Army National Guard
120,66,71.5,55.7,24,Army National Guard
154,65,87.8,65.1,25,Army National Guard
124,63,78.8,57.3,21,Army National Guard
165,66,90.3,64.3,24,Army National Guard
165,67,87,65.6,31,Army National Guard
150,68,84.8,64.5,32,Army National Guard
140,65,82.5,62.9,24,Army National Guard
170,64,95.5,71.2,20,Army National Guard
200,65,110.5,69.4,23,Army National Guard
115,66,78.5,51.8,20,Army National Guard
170,61,97.2,70.2,20,Army National Guard
145,66,79.3,60.3,22,Army National Guard
120,62,79.8,57.2,21,Army National Guard
140,60,95.5,62.7,41,Army National Guard
180,70,92,68.5,25,Army National Guard
132,61,85.5,56.3,27,Army National Guard
147,63,91.4,60.4,31,Army National Guard
170,63,93.8,67.5,24,Army National Guard
165,64,96,64,23,Army National Guard
140,62,90,63.1,31,Army National Guard
135,66,78,58,21,Army National Guard
175,75,93.5,74.5,20,Army National Guard
150,63,89,64.2,28,Army National Guard
150,67,82.1,59.8,37,Army National Guard
130,67,79.3,55.5,30,Army National Guard
139,62,77.5,63.5,28,Army National Guard
190,64,103.4,75.8,42,Army National Guard
115,65,66.4,52,20,Army National Guard
148,67,90.7,60.6,23,Army National Guard
108,60,76.8,54.8,21,Army National Guard
118,62,67.2,55,21,Army National Guard
190,70,96.5,69.5,31,Army National Guard
175,70,78.4,66.4,36,Army National Guard
140,63,90.3,64.5,21,Army National Guard
143,64,84.1,58.4,27,Army National Guard
145,66,87,57.1,26,Army National Guard
147,63,85.2,65.1,42,Army National Guard
208,71,99.3,69.1,29,Army National Guard
134,62,86.6,58.8,50,Army National Guard
135,67,75.7,53.9,39,Army National Guard
175,66,90.7,71.2,27,Army National Guard
150,67,85.3,58.3,38,Army National Guard
110,62,77.9,51.4,19,Army National Guard
149,62,92.6,61.5,40,Army National Guard
140,60,82.5,63.4,24,Army National Guard
161,63,93.8,65,34,Army National Guard
140,64,75.5,58.6,29,Army National Guard
145,65,86.7,56.3,36,Army National Guard
115,61,78.4,55.5,39,Army National Guard
137,67,75.3,57,29,Army National Guard
157,65,91.4,67.4,31,Army National Guard
145,68,82.6,59.5,35,Army National Guard
147,68,87.5,61,27,Army National Guard
185,62,109.5,68.1,54,Army National Guard
182,67,107.6,69.5,49,Army National Guard
227,69,108.7,77.9,31,Army National Guard
200,66,101.1,74.2,31,Army National Guard
135,59,93.1,64.7,28,Army National Guard
168,63,88.8,67.8,42,Army National Guard
170,70,97.1,64.9,43,Army National Guard
175,63,101.5,67.9,31,Army National Guard
211,73,99.5,75,37,Army National Guard
190,67,106.7,73.5,36,Army National Guard
155,67,85.3,62.4,23,Army National Guard
183,68,93.7,70.9,28,Army National Guard
175,67,96.7,68.9,40,Army National Guard
180,67,111.2,63.6,38,Army National Guard
127,77,70,56.8,28,Army National Guard
164,67,90.7,63.9,38,Army National Guard
139,68,81,63.6,28,Army National Guard
137,64,90,61.9,29,Army National Guard
180,65,93.5,71.1,28,Army National Guard
135,65,85.8,58.5,31,Army National Guard
130,64,79,59.1,42,Army National Guard
145,64,96,60,46,Army National Guard
137,66,77.8,61.5,27,Army National Guard
145,68,79.1,56,30,Army National Guard
136,62,83.8,59.6,27,Army National Guard
154,62,84.5,70.3,28,Army National Guard
135,65,79.9,59.9,27,Army National Guard
170,66,92.2,66.5,23,Army National Guard
170,64,95.6,65.7,25,Army National Guard
160,66,84.3,64.4,24,Army National Guard
197,70,106.4,70.6,22,Army National Guard
175,67,95.7,68.6,24,Army National Guard
150,64,82,64.1,21,Army National Guard
165,69,87.5,64.2,22,Army National Guard
128,62,76.8,60.3,19,Army National Guard
174,64,107.3,67.3,27,Army National Guard
180,65,91.3,70.1,37,Army National Guard
175,67,95.9,66.8,21,Army National Guard
124,59,84,58,21,Army National Guard
117,65,78.7,54.8,33,Army National Guard
152,66,89.3,62,37,Army National Guard
115,62,70.6,57.9,24,Army National Guard
135,64,85,60.3,23,Army National Guard
140,68,79.6,62.9,22,Army National Guard
180,66,101,67,43,Army National Guard
145,64,91,56.4,29,Army National Guard
158,66,101.3,61.3,44,Army National Guard
210,69,104.6,74.8,35,Army National Guard
100,62,65,51.4,19,Army National Guard
110,63,72,52.2,20,Army National Guard
124,66,74.7,57.8,24,Army National Guard
116,58,86.7,57.3,22,Army National Guard
153,68,81,63,25,Army National Guard
150,67,80.7,63.8,20,Army National Guard
121,66,73.8,54.3,27,Army National Guard
175,70,92,68.2,19,Army National Guard
170,68,91.8,66.6,20,Army National Guard
203,66,109.3,78.2,28,Army National Guard
212,63,114,72,38,Army National Guard
176,64,101.7,67.5,53,Army National Guard
156,62,94.5,69.8,23,Army National Guard
155,64,86.8,65.9,29,Army National Guard
145,70,80.5,59.1,21,Army National Guard
165,67,94.4,61.8,23,Army National Guard
140,64,81.4,64.6,23,Army National Guard
112,62,73.5,55.3,34,Army National Guard
120,63,81.4,54.3,23,Army National Guard
122,64,78.7,54.5,22,Army National Guard
127,60,80.8,60.2,22,Army National Guard
145,65,82.2,64.7,24,Army National Guard
135,65,80.1,61.9,24,Army National Guard
140,64,84.2,56.6,25,Army National Guard
143,65,84.4,61.7,21,Army National Guard
118,63,74.7,54.9,24,Army National Guard
165,66,87.3,66.6,24,Army National Guard
140,66,75.7,60.2,23,Army National Guard
140,64,85.4,59.8,23,Army National Guard
132,63,77.8,59.3,22,Army National Guard
120,63,71.3,53.9,20,Army National Guard
125,63,77.1,61.5,23,Army National Guard
145,63,85.7,61.2,23,Army National Guard
120,64,73.9,57.8,26,Army National Guard
185,61,97.2,72.8,40,Army National Guard
142,66,84,58.1,24,Army National Guard
130,60,87.8,62.8,30,Army National Guard
153,64,78.8,66.4,21,Army National Guard
154,63,89.5,64.1,20,Army National Guard
124,65,74,52.6,23,Army National Guard
110,60,76.7,54.6,23,Army National Guard
126,62,79.7,56.8,27,Army National Guard
165,69,84,69.4,25,Army National Guard
193,69,94.7,70.6,26,Army National Guard
137,69,81.2,59.5,35,Army National Guard
130,66,85.6,60.7,24,Army National Guard
128,67,73.3,55.7,28,Army National Guard
140,67,85.7,59.6,20,Army National Guard
155,71,78.2,57.8,32,Army National Guard
160,64,91.8,65.9,38,Army National Guard
155,66,87.5,67.3,32,Army National Guard
149,62,83.5,64,40,Army National Guard
145,64,79.5,62.5,28,Army National Guard
174,66,96.7,64.2,25,Army National Guard
135,62,90.2,60.3,29,Army National Guard
160,66,90.2,62.4,33,Army National Guard
156,62,98.6,61.5,50,Army National Guard
158,68,84,67.2,37,Army National Guard
132,61,82.7,58,27,Army National Guard
179,70,97.5,68.2,34,Army National Guard
165,64,90.5,70.3,22,Army National Guard
138,62,77,62.1,20,Army National Guard
130,64,73.7,58,23,Army National Guard
128,65,75.2,57.6,26,Army National Guard
185,68,91.8,66.8,24,Army National Guard
206,61,95.7,71.5,23,Army National Guard
126,61,68.6,57.2,25,Army National Guard
120,67,78.2,52.5,25,Army National Guard
116,64,70,52,25,Army National Guard
133,66,69,60.2,25,Army National Guard
189,67,103.4,70,25,Army National Guard
180,69,99,70.1,23,Army National Guard
155,69,80,62.1,21,Army National Guard
157,68,87.9,62.8,48,Army National Guard
135,68,72.7,54.5,22,Army National Guard
171,62,99.1,70.2,33,Army National Guard
98,60,64.7,51.2,26,Army National Guard
108,63,67.8,48.9,22,Army National Guard
130,62,84.6,64.9,27,Army National Guard
165,65,85,64.3,21,Army National Guard
169,67,85.1,71.2,27,Army National Guard
138,64,77,59,27,Army National Guard
142,62,84.3,60.7,25,Army National Guard
155,66,85.6,61.3,20,Army National Guard
155,68,79.5,60,28,Army Reserve
157,69,88.3,56.3,47,Army National Guard
143,66,76.8,57.8,26,Army National Guard
190,60,85.7,68.5,44,Army National Guard
160,59,98.2,70.1,47,Army National Guard
152,62,91.5,55.9,50,Army National Guard
140,62,92,59.3,43,Army National Guard
140,64,81.6,58.9,28,Army National Guard
125,64,66.7,54.9,24,Army National Guard
242,67,119.8,86.8,43,Army National Guard
162,67,88.2,65.8,35,Army National Guard
155,64,87,66.7,25,Army National Guard
130,66,78,53.9,31,Army National Guard
185,69,101.6,70.6,21,Army National Guard
129,63,75.3,59,20,Army National Guard
145,61,93.7,63.1,27,Army National Guard
134,62,94.6,68.3,22,Army National Guard
143,69,74.5,59.7,30,Army National Guard
138,62,82.6,61.2,27,Army National Guard
136,65,80.5,58.6,40,Army National Guard
130,64,77.3,58.7,20,Army National Guard
103,61,62.4,50.4,25,Army National Guard
150,66,86.5,62.8,25,Army National Guard
176,68,89.5,64.7,22,Army National Guard
133,60,80.5,62.4,29,Army National Guard
138,62,82.6,60.1,24,Army National Guard
152,62,88.3,66.8,39,Army National Guard
103,61,69.6,53.3,25,Army National Guard
155,62,82,69.1,26,Army National Guard
118,64,73,50.5,23,Army National Guard
123,64,77,56.8,21,Army National Guard
128,60,83,58.3,22,Army National Guard
175,71,87,67.9,21,Army National Guard
111,64,73.8,51.2,30,Army National Guard
112,64,70.6,52.5,27,Army National Guard
167,67,86.5,63.5,26,Army National Guard
153,70,81.2,62.3,24,Army National Guard
120,66,67,53,22,Army National Guard
145,64,90,58.7,21,Army National Guard
140,67,84,58.7,27,Army National Guard
145,66,78.4,60.7,32,Army National Guard
150,65,93.3,63.9,20,Army National Guard
176,65,97.8,67,22,Army National Guard
142,63,88.3,63.6,24,Army National Guard
200,68,103.2,73.2,23,Army National Guard
135,63,91.2,61.7,24,Army National Guard
114,64,67.2,53,28,Army National Guard
148,67,87.7,62.3,21,Army National Guard
170,69,93.2,69.1,42,Army National Guard
143,61,84,63.6,28,Army National Guard
200,66,103.2,70.5,27,Army National Guard
146,67,78.3,63.1,22,Army National Guard
101,59,66.8,54,24,Army National Guard
138,64,88.2,58.9,24,Army National Guard
125,70,72.7,53.9,28,Army National Guard
114,64,69.8,53.7,32,Army National Guard
162,67,86.6,60.3,29,Army National Guard
135,61,77.7,54.7,42,Army National Guard
148,70,78.5,60.3,23,Army National Guard
193,68,105.5,68.3,43,Army National Guard
135,63,83,60,32,Army National Guard
138,63,77.3,58.6,27,Army National Guard
150,60,87.2,63.8,29,Army National Guard
118,63,71.5,54.9,28,Army National Guard
102,59,67.4,52.4,20,Army National Guard
179,68,106.6,64.3,24,Army National Guard
139,62,82.2,59.8,21,Army National Guard
126,63,74.9,57.4,36,Army National Guard
122,62,75,56.9,30,Army National Guard
150,63,89.5,62.1,34,Army National Guard
165,66,87.6,67.5,24,Army National Guard
136,58,90.2,59.5,20,Army National Guard
219,66,111.3,75.5,24,Army National Guard
130,63,78.4,59.2,23,Army National Guard
155,64,90.3,63.2,28,Army National Guard
115,62,71.5,55.1,28,Army National Guard
122,62,78.3,54.2,23,Army National Guard
130,60,82.7,59.8,21,Army National Guard
140,64,86,57.6,21,Army National Guard
123,67,72.7,52.5,22,Army National Guard
160,64,92.3,69.2,29,Army National Guard
130,62,81.5,59.6,29,Army National Guard
180,70,90.7,66.2,28,Army National Guard
134,65,78.5,58.6,20,Army National Guard
152,64,100.4,60.3,28,Army National Guard
145,70,85.8,58.8,21,Army National Guard
135,62,85,61.2,28,Army National Guard
153,66,90.1,68.3,22,Army National Guard
148,66,89,59.2,21,Army National Guard
118,64,72.8,54,22,Army National Guard
133,64,80.8,55.4,23,Army National Guard
161,65,91.8,65.2,24,Army National Guard
128,64,69,54,20,Army National Guard
153,65,90.5,66.7,25,Army National Guard
166,64,91.9,68.4,31,Army National Guard
161,66,96,64,41,Army National Guard
154,64,94.5,62.3,27,Army National Guard
114,64,73.5,50.3,26,Army National Guard
155,69,86.6,61.2,42,Army National Guard
132,62,93.5,65.3,23,Army National Guard
230,70,107.6,73.2,24,Army National Guard
204,66,117.6,72.5,35,Army National Guard
165,63,88.6,69.8,29,Army National Guard
190,65,113.5,68.3,53,Army National Guard
168,63,97.4,66.3,44,Army National Guard
110,61,72.1,50.8,20,Army National Guard
140,67,83.7,59.3,21,Army National Guard
155,66,85.1,60.9,29,Army National Guard
185,65,99.6,68,26,Army National Guard
145,66,85.2,55.5,20,Army National Guard
170,64,93.5,64.4,25,Army National Guard
165,67,92.7,66.9,24,Army National Guard
170,66,92.1,65,21,Army National Guard
153,63,93.7,67.1,46,Army National Guard
155,66,87.2,60.3,26,Army National Guard
203,65,102.5,73.1,22,Army National Guard
184,62,110.6,72.3,31,Army National Guard
126,59,76.7,60.2,26,Army National Guard
140,69,82.3,60.2,25,Army National Guard
190,68,93.3,67.9,22,Army National Guard
135,64,73.5,55.4,20,Army National Guard
128,67,77.2,53.2,22,Army National Guard
156,62,98.7,66.4,25,Army National Guard
130,62,83.7,58,45,Army National Guard
156,68,87.3,59.9,39,Army National Guard
149,67,80.3,59.5,35,Army National Guard
129,60,80.4,59.6,32,Army National Guard
180,63,105.5,69.3,54,Army National Guard
190,66,90.1,77.1,35,Army National Guard
200,69,117.2,83.2,55,Army National Guard
142,66,79.1,60.2,42,Army National Guard
164,65,96.2,59.3,39,Army National Guard
160,67,74.5,62.8,22,Army National Guard
135,62,80.1,58,37,Army National Guard
150,62,95.5,62.7,37,Army National Guard
148,61,103.2,60.7,45,Army National Guard
170,64,104.2,68.4,33,Army National Guard
135,60,96.6,62.7,40,Army National Guard
155,70,84.4,67.5,25,Army National Guard
116,62,75.2,54.2,23,Army National Guard
170,70,95.4,71.9,36,Army National Guard
160,64,85.7,61.8,39,Army National Guard
163,64,84,67.9,46,Army National Guard
197,70,109,64.1,56,Army National Guard
173,67,96,72.4,34,Army National Guard
138,62,83,58.8,40,Army National Guard
195,72,100.3,68.8,38,Army National Guard
215,70,97.7,69.7,49,Army National Guard
147,64,85.5,63.3,32,Army National Guard
128,62,86.3,57.4,31,Army National Guard
150,63,91.7,51.9,27,Army National Guard
170,63,91.9,62.2,40,Army National Guard
116,62,69.5,55.1,35,Army National Guard
142,64,79.2,62.4,32,Army National Guard
172,64,101.4,69.1,40,Army National Guard
159,64,90.6,66.4,38,Army National Guard
138,67,79.5,59.3,41,Army National Guard
170,66,101.2,66.4,27,Army National Guard
158,60,96.5,64.5,38,Army National Guard
198,69,86.9,72.5,32,Army National Guard
143,62,90.3,57.5,52,Army National Guard
148,67,81.7,64,33,Army National Guard
128,68,68.1,54.6,34,Army National Guard
150,68,91.5,59.3,44,Army National Guard
169,65,87,67,26,Army National Guard
141,62,94.1,56.1,41,Army National Guard
140,64,84.7,65.3,30,Army National Guard
105,61,75.5,52.3,30,Army National Guard
124,63,74.2,56.6,32,Army National Guard
166,68,96,64.7,25,Army National Guard
180,67,104.3,66,51,Army National Guard
150,63,97.1,61.6,40,Army National Guard
168,66,98.2,64,40,Army National Guard
133,63,83.7,62.3,31,Army National Guard
132,66,89.1,59.2,27,Army National Guard
